{"cameraMode":{"drawMode":0,"name":"Shaded","section":"Shading Mode"},"sceneLighting":false,"audioPlay":false,"sceneViewState":{"showFog":true,"showMaterialUpdate":false,"showSkybox":false,"showFlares":true,"showImageEffects":true,"showParticleSystems":true},"in2DMode":false,"pivot":{"x":-0.00001809746026992798,"y":0.0,"z":-0.000004397123120725155},"rotation":{"x":-0.043796051293611529,"y":-0.008398688398301602,"z":0.00029761710902675986,"w":-0.9990261197090149},"size":0.14497655630111695,"orthographic":false}