{"cameraMode":{"drawMode":0,"name":"Shaded","section":"Shading Mode"},"sceneLighting":false,"audioPlay":false,"sceneViewState":{"showFog":true,"showMaterialUpdate":false,"showSkybox":false,"showFlares":true,"showImageEffects":true,"showParticleSystems":true},"in2DMode":false,"pivot":{"x":-0.004642486572265625,"y":0.0,"z":-0.003384500741958618},"rotation":{"x":0.025357438251376153,"y":-0.9735198020935059,"z":0.18259374797344209,"w":0.13550251722335816},"size":37.19812774658203,"orthographic":false}